https://schema.org/identifier,https://schema.org/name,https://schema.org/alternateName,https://schema.org/jobTitle,https://schema.org/jobTitle,https://schema.org/jobTitle,https://schema.org/image,https://schema.org/knowsAbout,https://schema.org/knowsAbout,https://schema.org/knowsAbout,https://schema.org/publishingPrinciples,https://schema.org/isBasedOnUrl
62,川島 宏一,かわぐち ひろゆき,地域情報化アドバイザー アドバイザーリーダー,内閣官房IT総合戦略室 オープンデータ伝道師,筑波大学システム情報系社会工学域 教授,https://code4sabae.github.io/ictadvisors/img/2021/AD062.jpg,オープンデータ,地域情報化計画・官民データ計画,ＥＢＰＭ（エビデンスに基づく政策立案）,https://www.applic.or.jp/prom/chiiki_adviser/R3_profile/062_2021adviser.pdf,https://www.applic.or.jp/page-1862/
1,会田 和子,あいだ かずこ,地域情報化アドバイザー,株式会社いわきテレワークセンター 代表取締役社長,一般社団法人日本テレワーク協会 副会長,https://code4sabae.github.io/ictadvisors/img/2021/AD001.jpg,テレワーク,人材の育成・活用,地域情報化計画・官民データ計画,https://www.applic.or.jp/prom/chiiki_adviser/R3_profile/001_2021adviser.pdf,https://www.applic.or.jp/page-1862/
2,淺野 隆夫,あさの たかお,地域情報化アドバイザー,札幌市中央図書館 利用サービス課長,,https://code4sabae.github.io/ictadvisors/img/2021/AD002.jpg,デジタルアーカイブ／図書館,,,https://www.applic.or.jp/prom/chiiki_adviser/R3_profile/002_2021adviser.pdf,https://www.applic.or.jp/page-1862/
3,浅見 良雄,あさみ よしお,地域情報化アドバイザー,小鹿野町 元総合政策課 課長,現小鹿野町総務課兼まちづくり推進課 行政専門員,https://code4sabae.github.io/ictadvisors/img/2021/AD003.jpg,自治体システムの標準化・共通化,観光,テレワーク,https://www.applic.or.jp/prom/chiiki_adviser/R3_profile/003_2021adviser.pdf,https://www.applic.or.jp/page-1862/
4,東 富彦,あずま とみひこ,地域情報化アドバイザー,内閣官房IT総合戦略室 オープンデータ伝道師,キアズマ 代表,https://code4sabae.github.io/ictadvisors/img/2021/AD004.jpg,スマートシティ,オープンデータ,人材の育成・活用,https://www.applic.or.jp/prom/chiiki_adviser/R3_profile/004_2021adviser.pdf,https://www.applic.or.jp/page-1862/
5,新井 イスマイル,あらい いすまいる,地域情報化アドバイザー,奈良先端科学技術大学院大学 総合情報基盤センター 准教授,内閣官房IT総合戦略室 オープンデータ伝道師,https://code4sabae.github.io/ictadvisors/img/2021/AD005.jpg,オープンデータ,スマートシティ,ネットワークインフラ（Ｗｉ-Ｆｉ／ＬＰＷＡ／光ネットワーク）,https://www.applic.or.jp/prom/chiiki_adviser/R3_profile/005_2021adviser.pdf,https://www.applic.or.jp/page-1862/
6,家中 賢作,いえなか けんさく,地域情報化アドバイザー,つくば市政策イノベーション部情報政策課 企画推進係長,（兼）科学技術振興課スマートシティ戦略室 主任主査 （兼）企画経営課統計・データ利活用推進室 主任主査,https://code4sabae.github.io/ictadvisors/img/2021/AD006.jpg,人材の育成・活用,地域情報化計画・官民データ計画,スマートシティ,https://www.applic.or.jp/prom/chiiki_adviser/R3_profile/006_2021adviser.pdf,https://www.applic.or.jp/page-1862/
7,生駒 祐一,いこま ゆういち,地域情報化アドバイザー,テラスマイル株式会社 代表取締役,宮崎県農業経営指導士,https://code4sabae.github.io/ictadvisors/img/2021/AD007.jpg,農林水産業,地域ビジネス,ＡＩ活用,https://www.applic.or.jp/prom/chiiki_adviser/R3_profile/007_2021adviser.pdf,https://www.applic.or.jp/page-1862/
8,石井 重成,いしい かずのり,地域情報化アドバイザー,青森大学社会学部 准教授,一般社団法人地域・人材共創機構 代表理事,https://code4sabae.github.io/ictadvisors/img/2021/AD008.jpg,地域ビジネス,シェアリングエコノミー,人材の育成・活用,https://www.applic.or.jp/prom/chiiki_adviser/R3_profile/008_2021adviser.pdf,https://www.applic.or.jp/page-1862/
9,石上 涼子,いしがみ りょうこ,地域情報化アドバイザー,多久市役所 商工観光課 商工観光係長,内閣官房IT総合戦略室シェアリングエコノミー伝道師,https://code4sabae.github.io/ictadvisors/img/2021/AD009.jpg,シェアリングエコノミー,観光,働き方,https://www.applic.or.jp/prom/chiiki_adviser/R3_profile/009_2021adviser.pdf,https://www.applic.or.jp/page-1862/
10,石崎 方規,いしざき まさのり,地域情報化アドバイザー,特定非営利活動法人 価値創造プラットフォーム 代表理事,一般社団法人シェアリングエコノミー協会 アソシエイトパートナー会員,https://code4sabae.github.io/ictadvisors/img/2021/AD010.jpg,シェアリングエコノミー,地域ビジネス,働き方,https://www.applic.or.jp/prom/chiiki_adviser/R3_profile/010_2021adviser.pdf,https://www.applic.or.jp/page-1862/
11,石塚 清香,いしづか さやか,地域情報化アドバイザー,横浜市デジタル統括本部企画調整課 デジタル専任職,,https://code4sabae.github.io/ictadvisors/img/2021/AD011.jpg,オープンデータ,自治体システム／セキュリティ／地域情報プラットフォーム,,https://www.applic.or.jp/prom/chiiki_adviser/R3_profile/011_2021adviser.pdf,https://www.applic.or.jp/page-1862/
12,石塚 敏之,いしつか としゆき,地域情報化アドバイザー,元つくば市 企画部長,筑波総研株式会社 顧問,https://code4sabae.github.io/ictadvisors/img/2021/AD012.jpg,ＥＢＰＭ（エビデンスに基づく政策立案）,人材の育成・活用,,https://www.applic.or.jp/prom/chiiki_adviser/R3_profile/012_2021adviser.pdf,https://www.applic.or.jp/page-1862/
13,石戸 奈々子,いしど ななこ,地域情報化アドバイザー,ＮＰＯ法人CANVAS 理事長,慶應義塾大学 教授,https://code4sabae.github.io/ictadvisors/img/2021/AD013.jpg,教育情報化／情報教育,子育て,,https://www.applic.or.jp/prom/chiiki_adviser/R3_profile/013_2021adviser.pdf,https://www.applic.or.jp/page-1862/
14,石山 アンジュ,いしやま あんじゅ,地域情報化アドバイザー,一般社団法人シェアリングエコノミー協会 事務局長,内閣官房IT総合戦略室シェアリングエコノミー伝道師,https://code4sabae.github.io/ictadvisors/img/2021/AD014.jpg,シェアリングエコノミー,働き方,テレワーク,https://www.applic.or.jp/prom/chiiki_adviser/R3_profile/014_2021adviser.pdf,https://www.applic.or.jp/page-1862/
15,板倉 陽一郎,いたくら よういちろう,地域情報化アドバイザー,ひかり総合法律事務所 パートナー弁護士,理化学研究所革新知能統合研究センター 客員主管研究員,https://code4sabae.github.io/ictadvisors/img/2021/AD015.jpg,個人情報保護,マイナンバー,ＡＩ活用,https://www.applic.or.jp/prom/chiiki_adviser/R3_profile/015_2021adviser.pdf,https://www.applic.or.jp/page-1862/
16,市川 博之,いちかわ ひろゆき,地域情報化アドバイザー,一般社団法人シビックテック・ラボ 代表理事,東京造形大学 特任教授,https://code4sabae.github.io/ictadvisors/img/2021/AD016.jpg,働き方,スマートシティ,人材の育成・活用,https://www.applic.or.jp/prom/chiiki_adviser/R3_profile/016_2021adviser.pdf,https://www.applic.or.jp/page-1862/
17,市瀬 英夫,いちのせ ひでお,地域情報化アドバイザー,元静岡県 CIO補佐官,デル・テクノロジーズ株式会社 CTOオフィス ディレクター（公共担当）,https://code4sabae.github.io/ictadvisors/img/2021/AD017.jpg,自治体システム／セキュリティ／地域情報プラットフォーム,自治体システムの標準化・共通化,地域情報化計画・官民データ計画,https://www.applic.or.jp/prom/chiiki_adviser/R3_profile/017_2021adviser.pdf,https://www.applic.or.jp/page-1862/
18,一橋 基,いちはし もとい,地域情報化アドバイザー,札幌市総務局 デジタル推進担当局長,,https://code4sabae.github.io/ictadvisors/img/2021/AD018.jpg,オープンデータ,スマートシティ,マイナンバー,https://www.applic.or.jp/prom/chiiki_adviser/R3_profile/018_2021adviser.pdf,https://www.applic.or.jp/page-1862/
19,市原 敬,いちはら たかし,地域情報化アドバイザー,神奈川県 デジタル戦略本部室長,総務局デジタル戦略本部室 CIO補佐官・CDO補佐官,https://code4sabae.github.io/ictadvisors/img/2021/AD019.jpg,テレワーク,働き方,自治体システム／セキュリティ／地域情報プラットフォーム,https://www.applic.or.jp/prom/chiiki_adviser/R3_profile/019_2021adviser.pdf,https://www.applic.or.jp/page-1862/
20,伊藤 文徳,いとう ふみのり,地域情報化アドバイザー,会津若松市役所企画政策部秘書広聴課 副主幹,庁内統合ＧＩＳ活用検討チーム座長,https://code4sabae.github.io/ictadvisors/img/2021/AD020.jpg,ＥＢＰＭ（エビデンスに基づく政策立案）,オープンデータ,自治体システム／セキュリティ／地域情報プラットフォーム,https://www.applic.or.jp/prom/chiiki_adviser/R3_profile/020_2021adviser.pdf,https://www.applic.or.jp/page-1862/
21,伊藤 昌毅,いとう まさき,地域情報化アドバイザー,東京大学 生産技術研究所 特任講師,標準的なバス情報フォーマット広め隊,https://code4sabae.github.io/ictadvisors/img/2021/AD021.jpg,オープンデータ,スマートシティ,ＥＢＰＭ（エビデンスに基づく政策立案）,https://www.applic.or.jp/prom/chiiki_adviser/R3_profile/021_2021adviser.pdf,https://www.applic.or.jp/page-1862/
22,井上 あい子,いのうえ あいこ,地域情報化アドバイザー,ａｉ株式会社 代表取締役,総務省地域力創造アドバイザー,https://code4sabae.github.io/ictadvisors/img/2021/AD022.jpg,ネットワークインフラ（Ｗｉ-Ｆｉ／ＬＰＷＡ／光ネットワーク）,人材の育成・活用,防災,https://www.applic.or.jp/prom/chiiki_adviser/R3_profile/022_2021adviser.pdf,https://www.applic.or.jp/page-1862/
23,井上 泰一,いのうえ たいいち,地域情報化アドバイザー,株式会社野村総合研究所 コンサルティング事業本部 プリンシパル,,https://code4sabae.github.io/ictadvisors/img/2021/AD023.jpg,人材の育成・活用,スマートシティ,地域情報化計画・官民データ計画,https://www.applic.or.jp/prom/chiiki_adviser/R3_profile/023_2021adviser.pdf,https://www.applic.or.jp/page-1862/
24,井上 英幸,いのうえ ひでゆき,地域情報化アドバイザー,一般社団法人 九州テレコム振興センター 主席研究員,宮崎県 （参与）デジタル化戦略アドバイザー,https://code4sabae.github.io/ictadvisors/img/2021/AD024.jpg,地域情報化計画・官民データ計画,オープンデータ,自治体システム／セキュリティ／地域情報プラットフォーム,https://www.applic.or.jp/prom/chiiki_adviser/R3_profile/024_2021adviser.pdf,https://www.applic.or.jp/page-1862/
25,今井 建彦,いまい たけひこ,地域情報化アドバイザー,元仙台市情報政策部長,学校法人宮城学院 ファシリティアドバイザー,https://code4sabae.github.io/ictadvisors/img/2021/AD025.jpg,防災,地域情報化計画・官民データ計画,自治体システム／セキュリティ／地域情報プラットフォーム,https://www.applic.or.jp/prom/chiiki_adviser/R3_profile/025_2021adviser.pdf,https://www.applic.or.jp/page-1862/
26,岩瀬 義和,いわせ よしかず,地域情報化アドバイザー,株式会社デジコンキューブ 代表取締役社長,山形県デジタルコンテンツ協議会 事務局,https://code4sabae.github.io/ictadvisors/img/2021/AD026.jpg,地域ビジネス,教育情報化／情報教育,テレワーク,https://www.applic.or.jp/prom/chiiki_adviser/R3_profile/026_2021adviser.pdf,https://www.applic.or.jp/page-1862/
27,岩浪 剛太,いわなみ ごうた,地域情報化アドバイザー,株式会社インフォシティ 代表取締役,第５世代モバイル推進フォーラム（5GMF） アプリケーション委員会 委員長,https://code4sabae.github.io/ictadvisors/img/2021/AD027.jpg,５Ｇ,スマートシティ,デジタルアーカイブ／図書館,https://www.applic.or.jp/prom/chiiki_adviser/R3_profile/027_2021adviser.pdf,https://www.applic.or.jp/page-1862/
28,鵜澤 純子,うざわ じゅんこ,地域情報化アドバイザー,株式会社テレワークマネジメント マネージャー,ＩＴコーディネータ、総務省テレワークマネージャー,https://code4sabae.github.io/ictadvisors/img/2021/AD028.jpg,テレワーク,働き方,,https://www.applic.or.jp/prom/chiiki_adviser/R3_profile/028_2021adviser.pdf,https://www.applic.or.jp/page-1862/
29,牛島 清豪,うしじま せいごう,地域情報化アドバイザー,株式会社ローカルメディアラボ 代表取締役,内閣官房IT総合戦略室 オープンデータ伝道師,https://code4sabae.github.io/ictadvisors/img/2021/AD029.jpg,オープンデータ,地域情報化計画・官民データ計画,スマートシティ,https://www.applic.or.jp/prom/chiiki_adviser/R3_profile/029_2021adviser.pdf,https://www.applic.or.jp/page-1862/
30,宇田川 真之,うだがわ さねゆき,地域情報化アドバイザー,国立研究開発法人 防災科学技術研究所 災害過程研究部門 主幹研究員,,https://code4sabae.github.io/ictadvisors/img/2021/AD030.jpg,防災,,,https://www.applic.or.jp/prom/chiiki_adviser/R3_profile/030_2021adviser.pdf,https://www.applic.or.jp/page-1862/
31,浦田 真由,うらた まゆ,地域情報化アドバイザー,内閣官房IT総合戦略室 オープンデータ伝道師,名古屋大学大学院情報学研究科 講師,https://code4sabae.github.io/ictadvisors/img/2021/AD031.jpg,オープンデータ,地域情報化計画・官民データ計画,スマートシティ,https://www.applic.or.jp/prom/chiiki_adviser/R3_profile/031_2021adviser.pdf,https://www.applic.or.jp/page-1862/
32,円城寺 雄介,えんじょうじ ゆうすけ,地域情報化アドバイザー,宇宙航空研究開発機構（JAXA） 新事業促進部 主任（招聘職員）,佐賀県政策部 ディレクター（出向中）,https://code4sabae.github.io/ictadvisors/img/2021/AD032.jpg,５Ｇ,その他,医療・介護・健康,https://www.applic.or.jp/prom/chiiki_adviser/R3_profile/032_2021adviser.pdf,https://www.applic.or.jp/page-1862/
33,遠藤 守,えんどう まもる,地域情報化アドバイザー,名古屋大学大学院情報学研究科 准教授,,https://code4sabae.github.io/ictadvisors/img/2021/AD033.jpg,オープンデータ,地域情報化計画・官民データ計画,自治体システム／セキュリティ／地域情報プラットフォーム,https://www.applic.or.jp/prom/chiiki_adviser/R3_profile/033_2021adviser.pdf,https://www.applic.or.jp/page-1862/
34,遠藤 勇一,えんどう ゆういち,地域情報化アドバイザー,北九州市 八幡東区役所 国保年金課 保険料収納強化担当係長,,https://code4sabae.github.io/ictadvisors/img/2021/AD034.jpg,自治体システム／セキュリティ／地域情報プラットフォーム,自治体システムの標準化・共通化,マイナンバー,https://www.applic.or.jp/prom/chiiki_adviser/R3_profile/034_2021adviser.pdf,https://www.applic.or.jp/page-1862/
35,大澤 昌,おおさわ まさし,地域情報化アドバイザー,株式会社ＡＳＴコンサルタント 代表取締役,,https://code4sabae.github.io/ictadvisors/img/2021/AD035.jpg,ＲＰＡ導入,自治体システム／セキュリティ／地域情報プラットフォーム,自治体システム／セキュリティ／地域情報プラットフォーム,https://www.applic.or.jp/prom/chiiki_adviser/R3_profile/035_2021adviser.pdf,https://www.applic.or.jp/page-1862/
36,大島 正美,おおしま まさみ,地域情報化アドバイザー,一般社団法人データクレイドル 理事,株式会社まちケア 取締役,https://code4sabae.github.io/ictadvisors/img/2021/AD036.jpg,オープンデータ,地域情報化計画・官民データ計画,人材の育成・活用,https://www.applic.or.jp/prom/chiiki_adviser/R3_profile/036_2021adviser.pdf,https://www.applic.or.jp/page-1862/
37,太田垣 恭子,おおたがき きょうこ,地域情報化アドバイザー,内閣官房IT総合戦略室オープンデータ伝道師,ANNAI Inc. 代表取締役副社長 / Code for Kyoto 代表,https://code4sabae.github.io/ictadvisors/img/2021/AD037.jpg,テレワーク,オープンデータ,働き方,https://www.applic.or.jp/prom/chiiki_adviser/R3_profile/037_2021adviser.pdf,https://www.applic.or.jp/page-1862/
38,大高 利夫,おおたか としお,地域情報化アドバイザー,藤沢市役所 情報システム課 課長補佐,,https://code4sabae.github.io/ictadvisors/img/2021/AD038.jpg,自治体システム／セキュリティ／地域情報プラットフォーム,防災,地域情報化計画・官民データ計画,https://www.applic.or.jp/prom/chiiki_adviser/R3_profile/038_2021adviser.pdf,https://www.applic.or.jp/page-1862/
39,大辻 雄介,おおつじ ゆうすけ,地域情報化アドバイザー,北海道大空高等学校 校長,,https://code4sabae.github.io/ictadvisors/img/2021/AD039.jpg,教育情報化／情報教育,,,https://www.applic.or.jp/prom/chiiki_adviser/R3_profile/039_2021adviser.pdf,https://www.applic.or.jp/page-1862/
40,大村 克行,おおむら かつゆき,地域情報化アドバイザー,人吉市役所 企画政策部 企画審議監,熊本県庁より出向中,https://code4sabae.github.io/ictadvisors/img/2021/AD040.jpg,防災,,,https://www.applic.or.jp/prom/chiiki_adviser/R3_profile/040_2021adviser.pdf,https://www.applic.or.jp/page-1862/
41,大薮 多可志,おおやぶ たかし,地域情報化アドバイザー,元大学教員,石川県観光連盟理事,https://code4sabae.github.io/ictadvisors/img/2021/AD041.jpg,観光,医療・介護・健康,,https://www.applic.or.jp/prom/chiiki_adviser/R3_profile/041_2021adviser.pdf,https://www.applic.or.jp/page-1862/
42,大山 水帆,おおやまみずほ,地域情報化アドバイザー,戸田市企画財政部次長兼デジタル戦略室長（CDO）,,https://code4sabae.github.io/ictadvisors/img/2021/AD042.jpg,自治体システム／セキュリティ／地域情報プラットフォーム,マイナンバー,オープンデータ,https://www.applic.or.jp/prom/chiiki_adviser/R3_profile/042_2021adviser.pdf,https://www.applic.or.jp/page-1862/
43,尾形 誠治,おがた せいじ,地域情報化アドバイザー,ネットワンシステムズ株式会社 コンサルティングサービス部 シニアエキスパート,,https://code4sabae.github.io/ictadvisors/img/2021/AD043.jpg,働き方,テレワーク,人材の育成・活用,https://www.applic.or.jp/prom/chiiki_adviser/R3_profile/043_2021adviser.pdf,https://www.applic.or.jp/page-1862/
44,岡田 良,おかだ りょう,地域情報化アドバイザー,一般社団法人沖縄新ＩＴビジネス創出促進協議会 顧問,沖縄国際大学産業情報学部 非常勤講師,https://code4sabae.github.io/ictadvisors/img/2021/AD044.jpg,地域ビジネス,人材の育成・活用,働き方,https://www.applic.or.jp/prom/chiiki_adviser/R3_profile/044_2021adviser.pdf,https://www.applic.or.jp/page-1862/
45,岡田 亮介,おかだ りょうすけ,地域情報化アドバイザー,株式会社フューチャーリンクネットワーク 取締役,兵庫県伊丹市デジタル戦略推進本部 補佐官,https://code4sabae.github.io/ictadvisors/img/2021/AD045.jpg,防災,スマートシティ,地域ビジネス,https://www.applic.or.jp/prom/chiiki_adviser/R3_profile/045_2021adviser.pdf,https://www.applic.or.jp/page-1862/
46,岡村 久和,おかむら ひさかず,地域情報化アドバイザー,亜細亜大学 国際交流委員長 都市創造学部 教授,ボルタージャパン 顧問,https://code4sabae.github.io/ictadvisors/img/2021/AD046.jpg,スマートシティ,個人情報保護,地域ビジネス,https://www.applic.or.jp/prom/chiiki_adviser/R3_profile/046_2021adviser.pdf,https://www.applic.or.jp/page-1862/
47,岡本 正,おかもと ただし,地域情報化アドバイザー,銀座パートナーズ法律事務所 弁護士・博士（法学）,岩手大学・慶應義塾大学・青山学院大学 客員教授／非常勤講師,https://code4sabae.github.io/ictadvisors/img/2021/AD047.jpg,防災,人材の育成・活用,デジタルアーカイブ／図書館,https://www.applic.or.jp/prom/chiiki_adviser/R3_profile/047_2021adviser.pdf,https://www.applic.or.jp/page-1862/
48,岡本 真,おかもと まこと,地域情報化アドバイザー,アカデミック・リソース・ガイド株式会社（arg） 代表取締役／プロデューサー,オーマ株式会社 代表取締役,https://code4sabae.github.io/ictadvisors/img/2021/AD048.jpg,デジタルアーカイブ／図書館,オープンデータ,地域情報化計画・官民データ計画,https://www.applic.or.jp/prom/chiiki_adviser/R3_profile/048_2021adviser.pdf,https://www.applic.or.jp/page-1862/
49,織田 友理子,おだ ゆりこ,地域情報化アドバイザー,一般社団法人WheeLog 代表理事,,https://code4sabae.github.io/ictadvisors/img/2021/AD049.jpg,観光,オープンデータ,,https://www.applic.or.jp/prom/chiiki_adviser/R3_profile/049_2021adviser.pdf,https://www.applic.or.jp/page-1862/
50,小野 桂二,おの けいじ,地域情報化アドバイザー,株式会社アイ・ティ・シー・キューブ 代表取締役,,https://code4sabae.github.io/ictadvisors/img/2021/AD050.jpg,個人情報保護,自治体システム／セキュリティ／地域情報プラットフォーム,,https://www.applic.or.jp/prom/chiiki_adviser/R3_profile/050_2021adviser.pdf,https://www.applic.or.jp/page-1862/
51,葛西 純,かさい じゅん,地域情報化アドバイザー,株式会社フォルテ 代表取締役,,https://code4sabae.github.io/ictadvisors/img/2021/AD051.jpg,観光,ネットワークインフラ（Ｗｉ-Ｆｉ／ＬＰＷＡ／光ネットワーク）,防災,https://www.applic.or.jp/prom/chiiki_adviser/R3_profile/051_2021adviser.pdf,https://www.applic.or.jp/page-1862/
52,笠松 眞吾,かさまつ しんご,地域情報化アドバイザー,国立大学法人福井大学医学部救急医学 特命助教,,https://code4sabae.github.io/ictadvisors/img/2021/AD052.jpg,医療・介護・健康,防災,シェアリングエコノミー,https://www.applic.or.jp/prom/chiiki_adviser/R3_profile/052_2021adviser.pdf,https://www.applic.or.jp/page-1862/
53,勝 眞一郎,かつ しんいちろう,地域情報化アドバイザー,サイバー大学IT総合学部 教授,NPO法人離島経済新聞社 理事,https://code4sabae.github.io/ictadvisors/img/2021/AD053.jpg,地域ビジネス,観光,テレワーク,https://www.applic.or.jp/prom/chiiki_adviser/R3_profile/053_2021adviser.pdf,https://www.applic.or.jp/page-1862/
54,勝屋 久,かつや ひさし,地域情報化アドバイザー,勝屋久事務所代表／アーティスト,,https://code4sabae.github.io/ictadvisors/img/2021/AD054.jpg,人材の育成・活用,その他,,https://www.applic.or.jp/prom/chiiki_adviser/R3_profile/054_2021adviser.pdf,https://www.applic.or.jp/page-1862/
55,加藤 遼,かとうりょう,地域情報化アドバイザー,パソナJOB HUB ソーシャルイノベーション部長,内閣官房IT総合戦略室シェアリングエコノミー伝道師,https://code4sabae.github.io/ictadvisors/img/2021/AD055.jpg,働き方,テレワーク,観光,https://www.applic.or.jp/prom/chiiki_adviser/R3_profile/055_2021adviser.pdf,https://www.applic.or.jp/page-1862/
56,金子 春雄,かねこ はるお,地域情報化アドバイザー,元 自治体職員 元 塩尻市CTO（最高情報技術責任者）,株式会社 IOZ（アイオーゼット） 取締役 CIO（最高情報群責任者）,https://code4sabae.github.io/ictadvisors/img/2021/AD056.jpg,スマートシティ,農林水産業,防災,https://www.applic.or.jp/prom/chiiki_adviser/R3_profile/056_2021adviser.pdf,https://www.applic.or.jp/page-1862/
57,蒲谷 直樹,かばや なおき,地域情報化アドバイザー,フューチャアグリ株式会社 代表取締役社長,,https://code4sabae.github.io/ictadvisors/img/2021/AD057.jpg,その他,ＡＩ活用,農林水産業,https://www.applic.or.jp/prom/chiiki_adviser/R3_profile/057_2021adviser.pdf,https://www.applic.or.jp/page-1862/
58,河井 孝仁,かわい たかよし,地域情報化アドバイザー,元自治体職員（静岡県） 情報政策課等,東海大学文化社会学部広報メディア学科 教授,https://code4sabae.github.io/ictadvisors/img/2021/AD058.jpg,その他,地域ビジネス,観光,https://www.applic.or.jp/prom/chiiki_adviser/R3_profile/058_2021adviser.pdf,https://www.applic.or.jp/page-1862/
59,川合 浩司,かわい ひろし,地域情報化アドバイザー,元自治体CIO補佐官,元政府機関CIO補佐官,https://code4sabae.github.io/ictadvisors/img/2021/AD059.jpg,自治体システム／セキュリティ／地域情報プラットフォーム,マイナンバー,教育情報化／情報教育,https://www.applic.or.jp/prom/chiiki_adviser/R3_profile/059_2021adviser.pdf,https://www.applic.or.jp/page-1862/
60,川喜多 孝之,かわきた たかゆき,地域情報化アドバイザー,元一般財団法人マルチメディア振興センター 担当部長,,https://code4sabae.github.io/ictadvisors/img/2021/AD060.jpg,防災,,,https://www.applic.or.jp/prom/chiiki_adviser/R3_profile/060_2021adviser.pdf,https://www.applic.or.jp/page-1862/
61,川口 弘行,かわぐち ひろゆき,地域情報化アドバイザー,川口弘行合同会社 代表社員,港区役所 情報政策監（CIO補佐官）,https://code4sabae.github.io/ictadvisors/img/2021/AD061.jpg,自治体システム／セキュリティ／地域情報プラットフォーム,地域情報化計画・官民データ計画,人材の育成・活用,https://www.applic.or.jp/prom/chiiki_adviser/R3_profile/061_2021adviser.pdf,https://www.applic.or.jp/page-1862/
63,川村 秀憲,かわむら ひでのり,地域情報化アドバイザー,北海道大学大学院情報科学研究院 教授,,https://code4sabae.github.io/ictadvisors/img/2021/AD063.jpg,ＡＩ活用,地域情報化計画・官民データ計画,地域ビジネス,https://www.applic.or.jp/prom/chiiki_adviser/R3_profile/063_2021adviser.pdf,https://www.applic.or.jp/page-1862/
64,神田 隆史,かんだ たかし,地域情報化アドバイザー,富士通株式会社 5G/ICTビジネス推進室長,第5世代モバイル推進フォーラム（5GMF) 地域利用推進委員会 委員長代理,https://code4sabae.github.io/ictadvisors/img/2021/AD064.jpg,５Ｇ,ネットワークインフラ（Ｗｉ-Ｆｉ／ＬＰＷＡ／光ネットワーク）,,https://www.applic.or.jp/prom/chiiki_adviser/R3_profile/064_2021adviser.pdf,https://www.applic.or.jp/page-1862/
65,菊地 俊延,きくち としのぶ,地域情報化アドバイザー,元 東京都総務局行政改革推進部 システム評価担当課長,株式会社 宮崎県ソフトウェアセンター 顧問,https://code4sabae.github.io/ictadvisors/img/2021/AD065.jpg,自治体システムの標準化・共通化,地域情報化計画・官民データ計画,人材の育成・活用,https://www.applic.or.jp/prom/chiiki_adviser/R3_profile/065_2021adviser.pdf,https://www.applic.or.jp/page-1862/
66,岸本 晃,きしもと あきら,地域情報化アドバイザー,株式会社プリズム 代表取締役,東峰テレビ 総合プロデューサー,https://code4sabae.github.io/ictadvisors/img/2021/AD066.jpg,人材の育成・活用,デジタルアーカイブ／図書館,観光,https://www.applic.or.jp/prom/chiiki_adviser/R3_profile/066_2021adviser.pdf,https://www.applic.or.jp/page-1862/
67,黄瀬 信之,きせ のぶゆき,地域情報化アドバイザー,岩見沢市 情報政策部長,,https://code4sabae.github.io/ictadvisors/img/2021/AD067.jpg,農林水産業,ネットワークインフラ（Ｗｉ-Ｆｉ／ＬＰＷＡ／光ネットワーク）,テレワーク,https://www.applic.or.jp/prom/chiiki_adviser/R3_profile/067_2021adviser.pdf,https://www.applic.or.jp/page-1862/
68,北岡 有喜,きたおか ゆうき,地域情報化アドバイザー,独立行政法人国立病院機構京都医療センター 医療情報部長,特定非営利活動法人日本サスティナブル・コミュニティ・センター 顧問,https://code4sabae.github.io/ictadvisors/img/2021/AD068.jpg,医療・介護・健康,教育情報化／情報教育,自治体システム／セキュリティ／地域情報プラットフォーム,https://www.applic.or.jp/prom/chiiki_adviser/R3_profile/068_2021adviser.pdf,https://www.applic.or.jp/page-1862/
69,喜多 耕一,きた こういち,地域情報化アドバイザー,北海道総合政策部情報統計局情報政策課 主査,,https://code4sabae.github.io/ictadvisors/img/2021/AD069.jpg,オープンデータ,その他,,https://www.applic.or.jp/prom/chiiki_adviser/R3_profile/069_2021adviser.pdf,https://www.applic.or.jp/page-1862/
70,木下 克己,きのした かつみ,地域情報化アドバイザー,元大津市役所・高槻市役所 ＣＩＯ補佐官,国際航業株式会社公共コンサルタント事業部西日本支社 顧問,https://code4sabae.github.io/ictadvisors/img/2021/AD070.jpg,ＥＢＰＭ（エビデンスに基づく政策立案）,オープンデータ,地域情報化計画・官民データ計画,https://www.applic.or.jp/prom/chiiki_adviser/R3_profile/070_2021adviser.pdf,https://www.applic.or.jp/page-1862/
71,桐原 光洋,きりはら みつひろ,地域情報化アドバイザー,元 熊本市 情報システム統括担当首席審議員,中小企業診断士事務所ナレッジケース 代表,https://code4sabae.github.io/ictadvisors/img/2021/AD071.jpg,防災,人材の育成・活用,スマートシティ,https://www.applic.or.jp/prom/chiiki_adviser/R3_profile/071_2021adviser.pdf,https://www.applic.or.jp/page-1862/
72,日下 光,くさか ひかる,地域情報化アドバイザー,xID株式会社 代表取締役CEO,石川県加賀市 地方創生推進(デジタル化・スマートシティ)フェロー,https://code4sabae.github.io/ictadvisors/img/2021/AD072.jpg,マイナンバー,スマートシティ,デジタルアーカイブ／図書館,https://www.applic.or.jp/prom/chiiki_adviser/R3_profile/072_2021adviser.pdf,https://www.applic.or.jp/page-1862/
73,楠 正憲,くすのき まさのり,地域情報化アドバイザー,一般社団法人OpenIDファウンデーションジャパン 代表理事,福岡市 政策アドバイザー（ICT）,https://code4sabae.github.io/ictadvisors/img/2021/AD073.jpg,マイナンバー,自治体システム／セキュリティ／地域情報プラットフォーム,,https://www.applic.or.jp/prom/chiiki_adviser/R3_profile/073_2021adviser.pdf,https://www.applic.or.jp/page-1862/
74,小泉 勝志郎,こいずみ かつしろう,地域情報化アドバイザー,株式会社テセラクト 代表取締役社長,一般社団法人コード・フォー・ジャパン 理事,https://code4sabae.github.io/ictadvisors/img/2021/AD074.jpg,教育情報化／情報教育,オープンデータ,地域ビジネス,https://www.applic.or.jp/prom/chiiki_adviser/R3_profile/074_2021adviser.pdf,https://www.applic.or.jp/page-1862/
75,小出 範幸,こいで のりゆき,地域情報化アドバイザー,株式会社KDDIウェブコミュニケーションズ 新規事業開発 プロダクトマネージャー,新規事業開発 農業IoT『てるちゃん』,https://code4sabae.github.io/ictadvisors/img/2021/AD075.jpg,農林水産業,地域ビジネス,その他,https://www.applic.or.jp/prom/chiiki_adviser/R3_profile/075_2021adviser.pdf,https://www.applic.or.jp/page-1862/
76,甲田 恵子,こうだ けいこ,地域情報化アドバイザー,株式会社ＡｓＭａｍａ 代表取締役社長,一般社団法人 シェアリングエコノミー協会 理事,https://code4sabae.github.io/ictadvisors/img/2021/AD076.jpg,子育て,シェアリングエコノミー,人材の育成・活用,https://www.applic.or.jp/prom/chiiki_adviser/R3_profile/076_2021adviser.pdf,https://www.applic.or.jp/page-1862/
77,國領 二郎,こくりょう じろう,地域情報化アドバイザー,慶應義塾大学総合政策学部 教授,慶應義塾 常任理事,https://code4sabae.github.io/ictadvisors/img/2021/AD077.jpg,地域情報化計画・官民データ計画,シェアリングエコノミー,,https://www.applic.or.jp/prom/chiiki_adviser/R3_profile/077_2021adviser.pdf,https://www.applic.or.jp/page-1862/
78,木暮 祐一,こぐれ ゆういち,地域情報化アドバイザー,ソフトバンク株式会社 渉外本部 デジタル社会推進課 担当部長,青森公立大学、徳島大学、熊本大学 非常勤講師,https://code4sabae.github.io/ictadvisors/img/2021/AD078.jpg,地域ビジネス,医療・介護・健康,働き方,https://www.applic.or.jp/prom/chiiki_adviser/R3_profile/078_2021adviser.pdf,https://www.applic.or.jp/page-1862/
79,小塩 篤史,こしお あつし,地域情報化アドバイザー,神戸情報大学院大学 客員教授,株式会社IF 代表取締役,https://code4sabae.github.io/ictadvisors/img/2021/AD079.jpg,ＡＩ活用,医療・介護・健康,スマートシティ,https://www.applic.or.jp/prom/chiiki_adviser/R3_profile/079_2021adviser.pdf,https://www.applic.or.jp/page-1862/
80,児玉 知浩,こだま ともひろ,地域情報化アドバイザー,株式会社INFORICH 取締役社長CEO,株式会社Practechs 社外取締役,https://code4sabae.github.io/ictadvisors/img/2021/AD080.jpg,シェアリングエコノミー,地域ビジネス,スマートシティ,https://www.applic.or.jp/prom/chiiki_adviser/R3_profile/080_2021adviser.pdf,https://www.applic.or.jp/page-1862/
81,後藤 玲子,ごとう れいこ,地域情報化アドバイザー,茨城大学人文社会科学部 教授,,https://code4sabae.github.io/ictadvisors/img/2021/AD081.jpg,ＥＢＰＭ（エビデンスに基づく政策立案）,オープンデータ,地域情報化計画・官民データ計画,https://www.applic.or.jp/prom/chiiki_adviser/R3_profile/081_2021adviser.pdf,https://www.applic.or.jp/page-1862/
82,小林 一樹,こばやし かずき,地域情報化アドバイザー,信州大学 学術研究院 (工学系) 教授,信州大学 先鋭領域融合研究群 社会基盤研究所 AI・ロボティクス部門 AI・ロボティクス部門 部門長,https://code4sabae.github.io/ictadvisors/img/2021/AD082.jpg,農林水産業,ＡＩ活用,教育情報化／情報教育,https://www.applic.or.jp/prom/chiiki_adviser/R3_profile/082_2021adviser.pdf,https://www.applic.or.jp/page-1862/
83,小林 隆,こばやし たかし,地域情報化アドバイザー,東海大学政治経済学部（元自治体職員） 教授,東海大学大学院法学研究科 科長,https://code4sabae.github.io/ictadvisors/img/2021/AD083.jpg,地域情報化計画・官民データ計画,人材の育成・活用,ＡＩ活用,https://www.applic.or.jp/prom/chiiki_adviser/R3_profile/083_2021adviser.pdf,https://www.applic.or.jp/page-1862/
84,小林 忠男,こばやし ただお,地域情報化アドバイザー,一般社団法人無線LANビジネス推進連絡会 顧問,802.11ah推進協議会 会長,https://code4sabae.github.io/ictadvisors/img/2021/AD084.jpg,ネットワークインフラ（Ｗｉ-Ｆｉ／ＬＰＷＡ／光ネットワーク）,５Ｇ,テレワーク,https://www.applic.or.jp/prom/chiiki_adviser/R3_profile/084_2021adviser.pdf,https://www.applic.or.jp/page-1862/
85,小林 正幸,こばやし まさゆき,地域情報化アドバイザー,元(一財)マルチメディア振興センター 担当部長,,https://code4sabae.github.io/ictadvisors/img/2021/AD085.jpg,防災,,,https://www.applic.or.jp/prom/chiiki_adviser/R3_profile/085_2021adviser.pdf,https://www.applic.or.jp/page-1862/
86,米谷 雄介,こめたに ゆうすけ,地域情報化アドバイザー,香川大学創造工学部 講師,香川大学情報メディアセンター 講師,https://code4sabae.github.io/ictadvisors/img/2021/AD086.jpg,オープンデータ,自治体システム／セキュリティ／地域情報プラットフォーム,スマートシティ,https://www.applic.or.jp/prom/chiiki_adviser/R3_profile/086_2021adviser.pdf,https://www.applic.or.jp/page-1862/
87,酒井 紀之,さかい のりゆき,地域情報化アドバイザー,株式会社ソフトウエア開発 代表取締役社長,東北情報通信懇談会事務局長 多摩大学情報社会学研究所 客員研究員,https://code4sabae.github.io/ictadvisors/img/2021/AD087.jpg,防災,テレワーク,ネットワークインフラ（Ｗｉ-Ｆｉ／ＬＰＷＡ／光ネットワーク）,https://www.applic.or.jp/prom/chiiki_adviser/R3_profile/087_2021adviser.pdf,https://www.applic.or.jp/page-1862/
88,坂下 知司,さかした さとし,地域情報化アドバイザー,元 町田市役所 総務部 情報システム課 担当部長（CIO補佐官）,東京IT経営研究所 代表,https://code4sabae.github.io/ictadvisors/img/2021/AD088.jpg,地域情報化計画・官民データ計画,自治体システムの標準化・共通化,自治体システム／セキュリティ／地域情報プラットフォーム,https://www.applic.or.jp/prom/chiiki_adviser/R3_profile/088_2021adviser.pdf,https://www.applic.or.jp/page-1862/
89,坂本 世津夫,さかもとせつお,地域情報化アドバイザー,愛媛大学社会連携推進機構 教授,愛媛大学地域協働センター南予 副センター長,https://code4sabae.github.io/ictadvisors/img/2021/AD089.jpg,働き方,テレワーク,観光,https://www.applic.or.jp/prom/chiiki_adviser/R3_profile/089_2021adviser.pdf,https://www.applic.or.jp/page-1862/
90,崎山 雅子,さきやま まさこ,地域情報化アドバイザー,高知県南国市 市民課長,,https://code4sabae.github.io/ictadvisors/img/2021/AD090.jpg,自治体システムの標準化・共通化,地域情報化計画・官民データ計画,マイキープラットフォーム,https://www.applic.or.jp/prom/chiiki_adviser/R3_profile/090_2021adviser.pdf,https://www.applic.or.jp/page-1862/
91,佐々木 良昭,ささき よしあき,地域情報化アドバイザー,富士ソフト企画㈱ アグリビジネスグループ 部長,特定非営利活動法人 ＩＴ工房ひのき 理事,https://code4sabae.github.io/ictadvisors/img/2021/AD091.jpg,農林水産業,テレワーク,,https://www.applic.or.jp/prom/chiiki_adviser/R3_profile/091_2021adviser.pdf,https://www.applic.or.jp/page-1862/
92,佐藤 拓也,さとう たくや,地域情報化アドバイザー,YuMake合同会社 代表社員 CEO,一般社団法人コード・フォー・ジャパン フェロー,https://code4sabae.github.io/ictadvisors/img/2021/AD092.jpg,オープンデータ,ＥＢＰＭ（エビデンスに基づく政策立案）,防災,https://www.applic.or.jp/prom/chiiki_adviser/R3_profile/092_2021adviser.pdf,https://www.applic.or.jp/page-1862/
93,佐藤 泰格,さとう ひろのり,地域情報化アドバイザー,マイキープラットフォームアドバイザー,都城市総合政策部デジタル統括課 副主幹,https://code4sabae.github.io/ictadvisors/img/2021/AD093.jpg,マイキープラットフォーム,マイナンバー,その他,https://www.applic.or.jp/prom/chiiki_adviser/R3_profile/093_2021adviser.pdf,https://www.applic.or.jp/page-1862/
94,佐別当 隆志,さべっとう たかし,地域情報化アドバイザー,一般社団法人シェアリングエコノミー協会 幹事,株式会社アドレス 代表取締役社長,https://code4sabae.github.io/ictadvisors/img/2021/AD094.jpg,シェアリングエコノミー,地域ビジネス,働き方,https://www.applic.or.jp/prom/chiiki_adviser/R3_profile/094_2021adviser.pdf,https://www.applic.or.jp/page-1862/
95,三瓶 政一,さんぺい せいいち,地域情報化アドバイザー,大阪大学 大学院工学研究科 電気電子情報通信工学専攻 教授,情報通信審議会 委員,https://code4sabae.github.io/ictadvisors/img/2021/AD095.jpg,５Ｇ,,,https://www.applic.or.jp/prom/chiiki_adviser/R3_profile/095_2021adviser.pdf,https://www.applic.or.jp/page-1862/
96,実積 寿也,じつづみ としや,地域情報化アドバイザー,中央大学 教授,,https://code4sabae.github.io/ictadvisors/img/2021/AD096.jpg,ＡＩ活用,スマートシティ,,https://www.applic.or.jp/prom/chiiki_adviser/R3_profile/096_2021adviser.pdf,https://www.applic.or.jp/page-1862/
97,島田 由香,しまだ ゆか,地域情報化アドバイザー,ユニリーバ・ジャパン・ホールディングス株式会社 取締役人事総務本部長,Team WAA! オーガナイザー,https://code4sabae.github.io/ictadvisors/img/2021/AD097.jpg,人材の育成・活用,働き方,テレワーク,https://www.applic.or.jp/prom/chiiki_adviser/R3_profile/097_2021adviser.pdf,https://www.applic.or.jp/page-1862/
98,下村 瑛史,しもむら えいじ,地域情報化アドバイザー,株式会社ファームノート 代表取締役,,https://code4sabae.github.io/ictadvisors/img/2021/AD098.jpg,ＡＩ活用,人材の育成・活用,地域ビジネス,https://www.applic.or.jp/prom/chiiki_adviser/R3_profile/098_2021adviser.pdf,https://www.applic.or.jp/page-1862/
99,下山 紗代子,しもやま さよこ,地域情報化アドバイザー,内閣官房IT室 政府CIO補佐官/オープンデータ伝道師,一般社団法人リンクデータ 代表理事,https://code4sabae.github.io/ictadvisors/img/2021/AD099.jpg,オープンデータ,ＥＢＰＭ（エビデンスに基づく政策立案）,スマートシティ,https://www.applic.or.jp/prom/chiiki_adviser/R3_profile/099_2021adviser.pdf,https://www.applic.or.jp/page-1862/
100,庄司 昌彦,しょうじ まさひこ,地域情報化アドバイザー,内閣官房IT総合戦略室 オープンデータ伝道師,武蔵大学社会学部メディア社会学科 教授,https://code4sabae.github.io/ictadvisors/img/2021/AD100.jpg,オープンデータ,地域情報化計画・官民データ計画,自治体システムの標準化・共通化,https://www.applic.or.jp/prom/chiiki_adviser/R3_profile/100_2021adviser.pdf,https://www.applic.or.jp/page-1862/
101,荘司 洋三,しょうじ ようぞう,地域情報化アドバイザー,国立研究開発法人 情報通信研究機構 ソーシャルICTシステム研究室 室長,,https://code4sabae.github.io/ictadvisors/img/2021/AD101.jpg,ネットワークインフラ（Ｗｉ-Ｆｉ／ＬＰＷＡ／光ネットワーク）,５Ｇ,スマートシティ,https://www.applic.or.jp/prom/chiiki_adviser/R3_profile/101_2021adviser.pdf,https://www.applic.or.jp/page-1862/
102,白井 芳明,しらい よしあき,地域情報化アドバイザー,東日本電信電話株式会社北海道事業部BI部 カスタマーリレーショングループ長,株式会社HARP エグゼクティブアドバイザー,https://code4sabae.github.io/ictadvisors/img/2021/AD102.jpg,自治体システムの標準化・共通化,自治体システム／セキュリティ／地域情報プラットフォーム,地域情報化計画・官民データ計画,https://www.applic.or.jp/prom/chiiki_adviser/R3_profile/102_2021adviser.pdf,https://www.applic.or.jp/page-1862/
103,新庄 大輔,しんじょう だいすけ,地域情報化アドバイザー,静岡市企画局デジタル化推進課 地域デジタル化推進係長,,https://code4sabae.github.io/ictadvisors/img/2021/AD103.jpg,オープンデータ,防災,,https://www.applic.or.jp/prom/chiiki_adviser/R3_profile/103_2021adviser.pdf,https://www.applic.or.jp/page-1862/
104,杉本 直也,すぎもと なおや,地域情報化アドバイザー,静岡県交通基盤部政策管理局建設政策課イノベーション推進班 班長,静岡大学プロジェクト研究所（土木情報学研究所） 客員教授,https://code4sabae.github.io/ictadvisors/img/2021/AD104.jpg,スマートシティ,オープンデータ,防災,https://www.applic.or.jp/prom/chiiki_adviser/R3_profile/104_2021adviser.pdf,https://www.applic.or.jp/page-1862/
105,鈴木 邦治,すずき くにはる,地域情報化アドバイザー,元名護市企画部 金融特区・情報化推進室 室長 内閣府 地域活性化伝道師,総務省 地域力創造アドバイザー 宜野座村むらづくりアドバイザー,https://code4sabae.github.io/ictadvisors/img/2021/AD105.jpg,人材の育成・活用,その他,農林水産業,https://www.applic.or.jp/prom/chiiki_adviser/R3_profile/105_2021adviser.pdf,https://www.applic.or.jp/page-1862/
106,隅田 徹,すみた てつ,地域情報化アドバイザー,株式会社えんがわ 代表取締役社長,株式会社プラットイーズ 取締役会長,https://code4sabae.github.io/ictadvisors/img/2021/AD106.jpg,テレワーク,デジタルアーカイブ／図書館,働き方,https://www.applic.or.jp/prom/chiiki_adviser/R3_profile/106_2021adviser.pdf,https://www.applic.or.jp/page-1862/
107,関 治之,せき はるゆき,地域情報化アドバイザー,内閣官房IT総合戦略室 オープンデータ伝道師、CIO補佐官,一般社団法人コード・フォー・ジャパン 代表理事,https://code4sabae.github.io/ictadvisors/img/2021/AD107.jpg,スマートシティ,オープンデータ,人材の育成・活用,https://www.applic.or.jp/prom/chiiki_adviser/R3_profile/107_2021adviser.pdf,https://www.applic.or.jp/page-1862/
108,関本 義秀,せきもと よしひで,地域情報化アドバイザー,東京大学生産技術研究所 人間・社会系部門 准教授,アーバンデータチャレンジ実行委員長,https://code4sabae.github.io/ictadvisors/img/2021/AD108.jpg,スマートシティ,ＡＩ活用,シェアリングエコノミー,https://www.applic.or.jp/prom/chiiki_adviser/R3_profile/108_2021adviser.pdf,https://www.applic.or.jp/page-1862/
109,瀬戸 寿一,せと としかず,地域情報化アドバイザー,駒澤大学文学部地理学科 准教授,東京大学空間情報科学研究センター 客員研究員,https://code4sabae.github.io/ictadvisors/img/2021/AD109.jpg,オープンデータ,スマートシティ,ＥＢＰＭ（エビデンスに基づく政策立案）,https://www.applic.or.jp/prom/chiiki_adviser/R3_profile/109_2021adviser.pdf,https://www.applic.or.jp/page-1862/
110,高野 雅晴,たかの まさはる,地域情報化アドバイザー,株式会社ビットメディア 代表取締役社長,第５世代モバイル推進フォーラム（5GMF） アプリケーション委員会 利用シーンWG主査,https://code4sabae.github.io/ictadvisors/img/2021/AD110.jpg,スマートシティ,５Ｇ,５Ｇ,https://www.applic.or.jp/prom/chiiki_adviser/R3_profile/110_2021adviser.pdf,https://www.applic.or.jp/page-1862/
111,高橋 明子,たかはしあきこ,地域情報化アドバイザー,株式会社エンパブリック コーディネーター,亜細亜大学都市創造学部 非常勤講師,https://code4sabae.github.io/ictadvisors/img/2021/AD111.jpg,人材の育成・活用,地域情報化計画・官民データ計画,教育情報化／情報教育,https://www.applic.or.jp/prom/chiiki_adviser/R3_profile/111_2021adviser.pdf,https://www.applic.or.jp/page-1862/
112,髙橋 邦夫,たかはし くにお,地域情報化アドバイザー,元自治体職員（29年勤務） 元豊島区ＣＩＳＯ,合同会社ＫＵコンサルティング 代表社員,https://code4sabae.github.io/ictadvisors/img/2021/AD112.jpg,働き方,自治体システム／セキュリティ／地域情報プラットフォーム,マイキープラットフォーム,https://www.applic.or.jp/prom/chiiki_adviser/R3_profile/112_2021adviser.pdf,https://www.applic.or.jp/page-1862/
113,高橋 俊之,たかはしとしゆき,地域情報化アドバイザー,新エネルギー・産業技術総合開発機構（NEDO） リスク管理統括部 専門調査員,元 会計検査院 調査官,https://code4sabae.github.io/ictadvisors/img/2021/AD113.jpg,自治体システム／セキュリティ／地域情報プラットフォーム,ネットワークインフラ（Ｗｉ-Ｆｉ／ＬＰＷＡ／光ネットワーク）,５Ｇ,https://www.applic.or.jp/prom/chiiki_adviser/R3_profile/113_2021adviser.pdf,https://www.applic.or.jp/page-1862/
114,高村 弘史,たかむら こおし,地域情報化アドバイザー,株式会社日本コンサルタントグループ 地域情報化支援室 室長,,https://code4sabae.github.io/ictadvisors/img/2021/AD114.jpg,人材の育成・活用,マイナンバー,,https://www.applic.or.jp/prom/chiiki_adviser/R3_profile/114_2021adviser.pdf,https://www.applic.or.jp/page-1862/
115,武田 かおり,たけだかおり,地域情報化アドバイザー,社会保険労務士法人ＮＳＲ テレワークスタイル推進室 CWO 社会保険労務士,一般社団法人 日本テレワーク協会 テレワーク相談センター テレワーク専門コンサルタント,https://code4sabae.github.io/ictadvisors/img/2021/AD115.jpg,テレワーク,働き方,,https://www.applic.or.jp/prom/chiiki_adviser/R3_profile/115_2021adviser.pdf,https://www.applic.or.jp/page-1862/
116,武田 一樹,たけだ かずき,地域情報化アドバイザー,クアルコムジャパン合同会社,,https://code4sabae.github.io/ictadvisors/img/2021/AD116.jpg,５Ｇ,ネットワークインフラ（Ｗｉ-Ｆｉ／ＬＰＷＡ／光ネットワーク）,,https://www.applic.or.jp/prom/chiiki_adviser/R3_profile/116_2021adviser.pdf,https://www.applic.or.jp/page-1862/
117,田澤 由利,たざわ ゆり,地域情報化アドバイザー,株式会社テレワークマネジメント 代表取締役,株式会社ワイズスタッフ 代表取締役,https://code4sabae.github.io/ictadvisors/img/2021/AD117.jpg,テレワーク,働き方,教育情報化／情報教育,https://www.applic.or.jp/prom/chiiki_adviser/R3_profile/117_2021adviser.pdf,https://www.applic.or.jp/page-1862/
118,多田 功,ただ いさお,地域情報化アドバイザー,加古川市企画部政策企画課 スマートシティ推進担当課長,,https://code4sabae.github.io/ictadvisors/img/2021/AD118.jpg,スマートシティ,ＲＰＡ導入,オープンデータ,https://www.applic.or.jp/prom/chiiki_adviser/R3_profile/118_2021adviser.pdf,https://www.applic.or.jp/page-1862/
119,多田 満朗,ただ みつお,地域情報化アドバイザー,ゼロスペック株式会社 代表取締役,,https://code4sabae.github.io/ictadvisors/img/2021/AD119.jpg,ネットワークインフラ（Ｗｉ-Ｆｉ／ＬＰＷＡ／光ネットワーク）,働き方,ＡＩ活用,https://www.applic.or.jp/prom/chiiki_adviser/R3_profile/119_2021adviser.pdf,https://www.applic.or.jp/page-1862/
120,田中 淳一,たなか じゅんいち,地域情報化アドバイザー,三重県 CDO（最高デジタル責任者）兼 デジタル社会推進局長,内閣府 地域活性化伝道師,https://code4sabae.github.io/ictadvisors/img/2021/AD120.jpg,スマートシティ,地域ビジネス,シェアリングエコノミー,https://www.applic.or.jp/prom/chiiki_adviser/R3_profile/120_2021adviser.pdf,https://www.applic.or.jp/page-1862/
121,種子野 亮,たねの りょう,地域情報化アドバイザー,株式会社バーチャルクラフト 取締役副社長 執行・戦略責任者,内閣官房IT室 政府CIO補佐官 (農林水産省担当),https://code4sabae.github.io/ictadvisors/img/2021/AD121.jpg,農林水産業,人材の育成・活用,地域情報化計画・官民データ計画,https://www.applic.or.jp/prom/chiiki_adviser/R3_profile/121_2021adviser.pdf,https://www.applic.or.jp/page-1862/
122,田村 吾郎,たむら ごろう,地域情報化アドバイザー,東京工科大学デザイン学部 准教授,株式会社TOM’S 経営企画室長（兼）、デザインセンター長（兼）,https://code4sabae.github.io/ictadvisors/img/2021/AD122.jpg,地域ビジネス,観光,スマートシティ,https://www.applic.or.jp/prom/chiiki_adviser/R3_profile/122_2021adviser.pdf,https://www.applic.or.jp/page-1862/
123,千葉 大右,ちば だいすけ,地域情報化アドバイザー,船橋市総務部情報システム課 課長補佐,NPO法人デジタルガバメントラボ 代表理事,https://code4sabae.github.io/ictadvisors/img/2021/AD123.jpg,自治体システムの標準化・共通化,マイナンバー,ＲＰＡ導入,https://www.applic.or.jp/prom/chiiki_adviser/R3_profile/123_2021adviser.pdf,https://www.applic.or.jp/page-1862/
124,柘植 良吾,つげ りょうご,地域情報化アドバイザー,中津川市定住推進部定住推進課 係長,標準的なバス情報フォーマット広め隊,https://code4sabae.github.io/ictadvisors/img/2021/AD124.jpg,オープンデータ,観光,地域ビジネス,https://www.applic.or.jp/prom/chiiki_adviser/R3_profile/124_2021adviser.pdf,https://www.applic.or.jp/page-1862/
125,筒井 大介,つつい だいすけ,地域情報化アドバイザー,芦屋市役所 企画部 政策推進課 主査,Code for Kobe,https://code4sabae.github.io/ictadvisors/img/2021/AD125.jpg,人材の育成・活用,ＥＢＰＭ（エビデンスに基づく政策立案）,オープンデータ,https://www.applic.or.jp/prom/chiiki_adviser/R3_profile/125_2021adviser.pdf,https://www.applic.or.jp/page-1862/
126,坪田 知己,つぼた ともみ,地域情報化アドバイザー,慶應義塾大学SFC研究所 研究員,内閣府 地域活性化伝道師,https://code4sabae.github.io/ictadvisors/img/2021/AD126.jpg,教育情報化／情報教育,観光,テレワーク,https://www.applic.or.jp/prom/chiiki_adviser/R3_profile/126_2021adviser.pdf,https://www.applic.or.jp/page-1862/
127,積田 有平,つみた ゆうへい,地域情報化アドバイザー,株式会社スペースマーケット 経営企画兼公共政策ディレクター,一般社団法人シェアリングエコノミー協会 シェアリングシティ統括ディレクター,https://code4sabae.github.io/ictadvisors/img/2021/AD127.jpg,シェアリングエコノミー,,,https://www.applic.or.jp/prom/chiiki_adviser/R3_profile/127_2021adviser.pdf,https://www.applic.or.jp/page-1862/
128,友岡 史仁,ともおか ふみと,地域情報化アドバイザー,日本大学法学部 教授,,https://code4sabae.github.io/ictadvisors/img/2021/AD128.jpg,個人情報保護,オープンデータ,地域情報化計画・官民データ計画,https://www.applic.or.jp/prom/chiiki_adviser/R3_profile/128_2021adviser.pdf,https://www.applic.or.jp/page-1862/
129,中尾 彰宏,なかお あきひろ,地域情報化アドバイザー,東京大学教授 東京大学総長特任補佐,第五世代モバイル通信推進フォーラム ネットワーク委員会委員長,https://code4sabae.github.io/ictadvisors/img/2021/AD129.jpg,ネットワークインフラ（Ｗｉ-Ｆｉ／ＬＰＷＡ／光ネットワーク）,農林水産業,自治体システム／セキュリティ／地域情報プラットフォーム,https://www.applic.or.jp/prom/chiiki_adviser/R3_profile/129_2021adviser.pdf,https://www.applic.or.jp/page-1862/
130,中川 斉史,なかがわひとし,地域情報化アドバイザー,上板町立高志小学校 校長,教育情報化コーディネータ 1級,https://code4sabae.github.io/ictadvisors/img/2021/AD130.jpg,教育情報化／情報教育,子育て,地域ビジネス,https://www.applic.or.jp/prom/chiiki_adviser/R3_profile/130_2021adviser.pdf,https://www.applic.or.jp/page-1862/
131,中窪 悟,なかくぼさとる,地域情報化アドバイザー,肝付町役場 デジタル推進課 課長補佐兼デジタル推進係長,,https://code4sabae.github.io/ictadvisors/img/2021/AD131.jpg,ネットワークインフラ（Ｗｉ-Ｆｉ／ＬＰＷＡ／光ネットワーク）,自治体システム／セキュリティ／地域情報プラットフォーム,,https://www.applic.or.jp/prom/chiiki_adviser/R3_profile/131_2021adviser.pdf,https://www.applic.or.jp/page-1862/
132,中山 健太,なかやま けんた,地域情報化アドバイザー,宇城市企画部企画課 係長,,https://code4sabae.github.io/ictadvisors/img/2021/AD132.jpg,ＲＰＡ導入,ＡＩ活用,,https://www.applic.or.jp/prom/chiiki_adviser/R3_profile/132_2021adviser.pdf,https://www.applic.or.jp/page-1862/
133,波平 三雄,なみひら みつお,地域情報化アドバイザー,株式会社HFシステム沖縄支店 執行役員沖縄支店長（元自治体職員）,一般社団沖縄県情報産業協会地域情報化委員会 副委員長,https://code4sabae.github.io/ictadvisors/img/2021/AD133.jpg,ネットワークインフラ（Ｗｉ-Ｆｉ／ＬＰＷＡ／光ネットワーク）,防災,地域情報化計画・官民データ計画,https://www.applic.or.jp/prom/chiiki_adviser/R3_profile/133_2021adviser.pdf,https://www.applic.or.jp/page-1862/
134,西村 成弘,にしむら なるひろ,地域情報化アドバイザー,株式会社フィッシュパス 代表取締役,,https://code4sabae.github.io/ictadvisors/img/2021/AD134.jpg,農林水産業,防災,ＡＩ活用,https://www.applic.or.jp/prom/chiiki_adviser/R3_profile/134_2021adviser.pdf,https://www.applic.or.jp/page-1862/
135,沼田 宗純,ぬまだ むねよし,地域情報化アドバイザー,東京大学大学院情報学環/ 生産技術研究所 准教授,災害対策トレーニングセンター DMTC (Disaster Management Training Center),https://code4sabae.github.io/ictadvisors/img/2021/AD135.jpg,防災,人材の育成・活用,自治体システム／セキュリティ／地域情報プラットフォーム,https://www.applic.or.jp/prom/chiiki_adviser/R3_profile/135_2021adviser.pdf,https://www.applic.or.jp/page-1862/
136,野田 哲夫,のだ てつお,地域情報化アドバイザー,島根大学法文学部 教授,中国情報通信懇談会 地域情報化・コンテンツ部会 部会長,https://code4sabae.github.io/ictadvisors/img/2021/AD136.jpg,地域ビジネス,シェアリングエコノミー,オープンデータ,https://www.applic.or.jp/prom/chiiki_adviser/R3_profile/136_2021adviser.pdf,https://www.applic.or.jp/page-1862/
137,長谷川 陽子,はせがわ ようこ,地域情報化アドバイザー,情報教育アナリスト・デジタルアーキビスト,,https://code4sabae.github.io/ictadvisors/img/2021/AD137.jpg,教育情報化／情報教育,人材の育成・活用,地域ビジネス,https://www.applic.or.jp/prom/chiiki_adviser/R3_profile/137_2021adviser.pdf,https://www.applic.or.jp/page-1862/
138,畑井 克彦,はたい かつひこ,地域情報化アドバイザー,元自治体教育委員会 指導主事（情報担当）,（公）集団力学研究所 主任研究員,https://code4sabae.github.io/ictadvisors/img/2021/AD138.jpg,人材の育成・活用,教育情報化／情報教育,医療・介護・健康,https://www.applic.or.jp/prom/chiiki_adviser/R3_profile/138_2021adviser.pdf,https://www.applic.or.jp/page-1862/
139,濱田 真輔,はまだ しんすけ,地域情報化アドバイザー,大阪経済大学 客員教授,キッズデザイン協議会 フェロー,https://code4sabae.github.io/ictadvisors/img/2021/AD139.jpg,防災,人材の育成・活用,教育情報化／情報教育,https://www.applic.or.jp/prom/chiiki_adviser/R3_profile/139_2021adviser.pdf,https://www.applic.or.jp/page-1862/
140,濱田 安之,はまだ やすゆき,地域情報化アドバイザー,株式会社農業情報設計社 代表取締役 CEO,,https://code4sabae.github.io/ictadvisors/img/2021/AD140.jpg,農林水産業,,,https://www.applic.or.jp/prom/chiiki_adviser/R3_profile/140_2021adviser.pdf,https://www.applic.or.jp/page-1862/
141,早瀬 公夫,はやせきみお,地域情報化アドバイザー,元静岡県掛川市ＩＴ政策課 課長補佐,掛川タクシー株式会社 代表取締役,https://code4sabae.github.io/ictadvisors/img/2021/AD141.jpg,観光,教育情報化／情報教育,人材の育成・活用,https://www.applic.or.jp/prom/chiiki_adviser/R3_profile/141_2021adviser.pdf,https://www.applic.or.jp/page-1862/
142,原田 智,はらだ さとし,地域情報化アドバイザー,元京都府 CIO兼CISO,京都産業２１ イノベーションハブ担当部長,https://code4sabae.github.io/ictadvisors/img/2021/AD142.jpg,自治体システムの標準化・共通化,自治体システム／セキュリティ／地域情報プラットフォーム,ＲＰＡ導入,https://www.applic.or.jp/prom/chiiki_adviser/R3_profile/142_2021adviser.pdf,https://www.applic.or.jp/page-1862/
143,原 秀樹,はら ひでき,地域情報化アドバイザー,姫路市政策局企画政策室 主幹・デジタル室長,,https://code4sabae.github.io/ictadvisors/img/2021/AD143.jpg,マイナンバー,ＥＢＰＭ（エビデンスに基づく政策立案）,地域情報化計画・官民データ計画,https://www.applic.or.jp/prom/chiiki_adviser/R3_profile/143_2021adviser.pdf,https://www.applic.or.jp/page-1862/
144,原 亮,はら りょう,地域情報化アドバイザー,エイチタス株式会社 代表取締役,Global Lab SENDAIコンソーシアム 代表幹事,https://code4sabae.github.io/ictadvisors/img/2021/AD144.jpg,医療・介護・健康,農林水産業,観光,https://www.applic.or.jp/prom/chiiki_adviser/R3_profile/144_2021adviser.pdf,https://www.applic.or.jp/page-1862/
145,東 修作,ひがし しゅうさく,地域情報化アドバイザー,内閣官房IT総合戦略室 オープンデータ伝道師,一般社団法人オープン・ナレッジ・ジャパン 事務局長,https://code4sabae.github.io/ictadvisors/img/2021/AD145.jpg,オープンデータ,デジタルアーカイブ／図書館,,https://www.applic.or.jp/prom/chiiki_adviser/R3_profile/145_2021adviser.pdf,https://www.applic.or.jp/page-1862/
146,平井 聡一郎,ひらい そういちろう,地域情報化アドバイザー,元古河市教育委員会 参事兼指導課長,株式会社情報通信総合研究所 ICTリサーチ・コンサルティング部 特別研究員,https://code4sabae.github.io/ictadvisors/img/2021/AD146.jpg,教育情報化／情報教育,デジタルアーカイブ／図書館,,https://www.applic.or.jp/prom/chiiki_adviser/R3_profile/146_2021adviser.pdf,https://www.applic.or.jp/page-1862/
147,平本 健二,ひらもと けんじ,地域情報化アドバイザー,内閣官房IT総合戦略室 政府CIO上席補佐官,経済産業省 CIO補佐官,https://code4sabae.github.io/ictadvisors/img/2021/AD147.jpg,オープンデータ,スマートシティ,ＥＢＰＭ（エビデンスに基づく政策立案）,https://www.applic.or.jp/prom/chiiki_adviser/R3_profile/147_2021adviser.pdf,https://www.applic.or.jp/page-1862/
148,廣川 聡美,ひろかわ さとみ,地域情報化アドバイザー,元 横須賀市 副市長,HIRO研究所 代表,https://code4sabae.github.io/ictadvisors/img/2021/AD148.jpg,地域情報化計画・官民データ計画,人材の育成・活用,自治体システム／セキュリティ／地域情報プラットフォーム,https://www.applic.or.jp/prom/chiiki_adviser/R3_profile/148_2021adviser.pdf,https://www.applic.or.jp/page-1862/
149,福島 健一郎,ふくしま けんいちろう,地域情報化アドバイザー,内閣官房IT総合戦略室 オープンデータ伝道師,アイパブリッシング株式会社 代表取締役,https://code4sabae.github.io/ictadvisors/img/2021/AD149.jpg,オープンデータ,地域情報化計画・官民データ計画,スマートシティ,https://www.applic.or.jp/prom/chiiki_adviser/R3_profile/149_2021adviser.pdf,https://www.applic.or.jp/page-1862/
150,福野 泰介,ふくの たいすけ,地域情報化アドバイザー,株式会社 jig.jp 創業者＆取締役会長,内閣官房IT総合戦略室 オープンデータ伝道師,https://code4sabae.github.io/ictadvisors/img/2021/AD150.jpg,教育情報化／情報教育,オープンデータ,自治体システム／セキュリティ／地域情報プラットフォーム,https://www.applic.or.jp/prom/chiiki_adviser/R3_profile/150_2021adviser.pdf,https://www.applic.or.jp/page-1862/
151,福本 昌弘,ふくもと まさひろ,地域情報化アドバイザー,高知工科大学 情報学群 教授,,https://code4sabae.github.io/ictadvisors/img/2021/AD151.jpg,防災,医療・介護・健康,農林水産業,https://www.applic.or.jp/prom/chiiki_adviser/R3_profile/151_2021adviser.pdf,https://www.applic.or.jp/page-1862/
152,藤井 智史,ふじい さとし,地域情報化アドバイザー,琉球大学工学部 教授,,https://code4sabae.github.io/ictadvisors/img/2021/AD152.jpg,農林水産業,防災,その他,https://www.applic.or.jp/prom/chiiki_adviser/R3_profile/152_2021adviser.pdf,https://www.applic.or.jp/page-1862/
153,藤井 靖史,ふじい やすし,地域情報化アドバイザー,西会津町 CDO(最高デジタル責任者）,内閣官房IT総合戦略室 オープンデータ伝道師,https://code4sabae.github.io/ictadvisors/img/2021/AD153.jpg,その他,スマートシティ,オープンデータ,https://www.applic.or.jp/prom/chiiki_adviser/R3_profile/153_2021adviser.pdf,https://www.applic.or.jp/page-1862/
154,藤村 裕一,ふじむら ゆういち,地域情報化アドバイザー,国立大学法人鳴門教育大学 大学院 遠隔教育プログラム推進室長・准教授,文部科学省 ICT活用教育アドバイザー,https://code4sabae.github.io/ictadvisors/img/2021/AD154.jpg,教育情報化／情報教育,防災,,https://www.applic.or.jp/prom/chiiki_adviser/R3_profile/154_2021adviser.pdf,https://www.applic.or.jp/page-1862/
155,武城 文明,ぶじょう ふみあき,地域情報化アドバイザー,埼玉県行政ITアドバイザー,,https://code4sabae.github.io/ictadvisors/img/2021/AD155.jpg,自治体システム／セキュリティ／地域情報プラットフォーム,自治体システムの標準化・共通化,地域情報化計画・官民データ計画,https://www.applic.or.jp/prom/chiiki_adviser/R3_profile/155_2021adviser.pdf,https://www.applic.or.jp/page-1862/
156,古川 泰人,ふるかわ やすと,地域情報化アドバイザー,Code for Japan フェロー,MIERUNE Inc. 取締役,https://code4sabae.github.io/ictadvisors/img/2021/AD156.jpg,オープンデータ,ＥＢＰＭ（エビデンスに基づく政策立案）,,https://www.applic.or.jp/prom/chiiki_adviser/R3_profile/156_2021adviser.pdf,https://www.applic.or.jp/page-1862/
157,古屋 弘,ふるや ひろし,地域情報化アドバイザー,株式会社大林組 技術研究所 上級主席技師,buildingSMART Japan 理事,https://code4sabae.github.io/ictadvisors/img/2021/AD157.jpg,５Ｇ,防災,スマートシティ,https://www.applic.or.jp/prom/chiiki_adviser/R3_profile/157_2021adviser.pdf,https://www.applic.or.jp/page-1862/
158,不破 泰,ふわ やすし,地域情報化アドバイザー,信州大学 理事・副学長,,https://code4sabae.github.io/ictadvisors/img/2021/AD158.jpg,ネットワークインフラ（Ｗｉ-Ｆｉ／ＬＰＷＡ／光ネットワーク）,防災,５Ｇ,https://www.applic.or.jp/prom/chiiki_adviser/R3_profile/158_2021adviser.pdf,https://www.applic.or.jp/page-1862/
159,干川 剛史,ほしかわ つよし,地域情報化アドバイザー,大妻女子大学大学院人間文化研究科・人間関係学部 教授,日本災害情報学会 理事,https://code4sabae.github.io/ictadvisors/img/2021/AD159.jpg,防災,,,https://www.applic.or.jp/prom/chiiki_adviser/R3_profile/159_2021adviser.pdf,https://www.applic.or.jp/page-1862/
160,星野 晃一郎,ほしの こういちろう,地域情報化アドバイザー,株式会社ダンクソフト C.E.O. インターミディエイター®,公益社団法人日本ニュービジネス協議会連合会 ニッポンつながる委員会 副委員長 バザールバザール推進リーダー,https://code4sabae.github.io/ictadvisors/img/2021/AD160.jpg,その他,テレワーク,働き方,https://www.applic.or.jp/prom/chiiki_adviser/R3_profile/160_2021adviser.pdf,https://www.applic.or.jp/page-1862/
161,細川 哲星,ほそかわてっせい,地域情報化アドバイザー,内閣官房IT総合戦略室シェアリングエコノミー伝道師,株式会社ニューソンアンドカンパニー 代表取締役社長,https://code4sabae.github.io/ictadvisors/img/2021/AD161.jpg,シェアリングエコノミー,観光,働き方,https://www.applic.or.jp/prom/chiiki_adviser/R3_profile/161_2021adviser.pdf,https://www.applic.or.jp/page-1862/
162,本多 康幸,ほんだ やすゆき,地域情報化アドバイザー,株式会社ＨＡＲＰ 常務取締役 プロジェクト推進部長,,https://code4sabae.github.io/ictadvisors/img/2021/AD162.jpg,ＲＰＡ導入,オープンデータ,,https://www.applic.or.jp/prom/chiiki_adviser/R3_profile/162_2021adviser.pdf,https://www.applic.or.jp/page-1862/
163,米田 剛,まいた つよし,地域情報化アドバイザー,内閣官房IT総合戦略室 オープンデータ伝道師,一般社団法人観光・地域データ活用支援機構 代表理事,https://code4sabae.github.io/ictadvisors/img/2021/AD163.jpg,観光,オープンデータ,５Ｇ,https://www.applic.or.jp/prom/chiiki_adviser/R3_profile/163_2021adviser.pdf,https://www.applic.or.jp/page-1862/
164,前田 みゆき,まえだ みゆき,地域情報化アドバイザー,元（株）日立システムズ 公共事業グループ 主席コンサルタント,内閣官房 ＩＴ総合戦略室 政府ＣＩＯ補佐官,https://code4sabae.github.io/ictadvisors/img/2021/AD164.jpg,自治体システムの標準化・共通化,地域情報化計画・官民データ計画,ＲＰＡ導入,https://www.applic.or.jp/prom/chiiki_adviser/R3_profile/164_2021adviser.pdf,https://www.applic.or.jp/page-1862/
165,牧田 泰一,まきた やすかず,地域情報化アドバイザー,元鯖江市政策経営部情報政策監,Code for Sabae(Code for Fukui),https://code4sabae.github.io/ictadvisors/img/2021/AD165.jpg,オープンデータ,教育情報化／情報教育,,https://www.applic.or.jp/prom/chiiki_adviser/R3_profile/165_2021adviser.pdf,https://www.applic.or.jp/page-1862/
166,升屋 正人,ますや まさと,地域情報化アドバイザー,鹿児島大学学術情報基盤センター 教授,理工学域工学系 教授,https://code4sabae.github.io/ictadvisors/img/2021/AD166.jpg,ネットワークインフラ（Ｗｉ-Ｆｉ／ＬＰＷＡ／光ネットワーク）,地域情報化計画・官民データ計画,防災,https://www.applic.or.jp/prom/chiiki_adviser/R3_profile/166_2021adviser.pdf,https://www.applic.or.jp/page-1862/
167,松浦 龍基,まつうら たつき,地域情報化アドバイザー,キートンコンサルティング株式会社 代表取締役社長,,https://code4sabae.github.io/ictadvisors/img/2021/AD167.jpg,自治体システムの標準化・共通化,教育情報化／情報教育,マイナンバー,https://www.applic.or.jp/prom/chiiki_adviser/R3_profile/167_2021adviser.pdf,https://www.applic.or.jp/page-1862/
168,松川 由美,まつかわ ゆみ,地域情報化アドバイザー,モバイル・ネットワーク研究所 代表,,https://code4sabae.github.io/ictadvisors/img/2021/AD168.jpg,人材の育成・活用,観光,教育情報化／情報教育,https://www.applic.or.jp/prom/chiiki_adviser/R3_profile/168_2021adviser.pdf,https://www.applic.or.jp/page-1862/
169,松崎 太亮,まつざき たいすけ,地域情報化アドバイザー,内閣官房IT総合戦略室 オープンデータ伝道師,神戸国際大学 経済学部教授,https://code4sabae.github.io/ictadvisors/img/2021/AD169.jpg,人材の育成・活用,スマートシティ,オープンデータ,https://www.applic.or.jp/prom/chiiki_adviser/R3_profile/169_2021adviser.pdf,https://www.applic.or.jp/page-1862/
170,松澤 佳郎,まつざわ よしろう,地域情報化アドバイザー,株式会社テレコンサービス 代表取締役,慶應義塾大学SFC研究所 上席研究員,https://code4sabae.github.io/ictadvisors/img/2021/AD170.jpg,教育情報化／情報教育,地域ビジネス,テレワーク,https://www.applic.or.jp/prom/chiiki_adviser/R3_profile/170_2021adviser.pdf,https://www.applic.or.jp/page-1862/
171,松島 隆一,まつしま りゅういち,地域情報化アドバイザー,千葉市総務局情報経営部 部長,アーバンデータチャレンジ実行委員会 実行委員,https://code4sabae.github.io/ictadvisors/img/2021/AD171.jpg,その他,ＥＢＰＭ（エビデンスに基づく政策立案）,オープンデータ,https://www.applic.or.jp/prom/chiiki_adviser/R3_profile/171_2021adviser.pdf,https://www.applic.or.jp/page-1862/
172,松田 俊司,まつだ しゅんじ,地域情報化アドバイザー,金沢市市民局 局長,,https://code4sabae.github.io/ictadvisors/img/2021/AD172.jpg,その他,オープンデータ,ＲＰＡ導入,https://www.applic.or.jp/prom/chiiki_adviser/R3_profile/172_2021adviser.pdf,https://www.applic.or.jp/page-1862/
173,松田 孝,まつだ たかし,地域情報化アドバイザー,合同会社MAZDA Incredible Lab CEO,,https://code4sabae.github.io/ictadvisors/img/2021/AD173.jpg,教育情報化／情報教育,ＡＩ活用,,https://www.applic.or.jp/prom/chiiki_adviser/R3_profile/173_2021adviser.pdf,https://www.applic.or.jp/page-1862/
174,丸田 之人,まるた ゆきと,地域情報化アドバイザー,室蘭市 経済部観光課 課長,内閣官房IT総合戦略室 オープンデータ伝道師,https://code4sabae.github.io/ictadvisors/img/2021/AD174.jpg,オープンデータ,ネットワークインフラ（Ｗｉ-Ｆｉ／ＬＰＷＡ／光ネットワーク）,観光,https://www.applic.or.jp/prom/chiiki_adviser/R3_profile/174_2021adviser.pdf,https://www.applic.or.jp/page-1862/
175,三木 浩平,みき こうへい,地域情報化アドバイザー,元千葉市役所 総務局次長（ＣＩＯ補佐監）,内閣官房 政府ＣＩＯ補佐官,https://code4sabae.github.io/ictadvisors/img/2021/AD175.jpg,自治体システムの標準化・共通化,自治体システム／セキュリティ／地域情報プラットフォーム,地域情報化計画・官民データ計画,https://www.applic.or.jp/prom/chiiki_adviser/R3_profile/175_2021adviser.pdf,https://www.applic.or.jp/page-1862/
176,三木 信夫,みき のぶお,地域情報化アドバイザー,大阪市 教育委員会事務局理事,元大阪市立中央図書館長,https://code4sabae.github.io/ictadvisors/img/2021/AD176.jpg,教育情報化／情報教育,デジタルアーカイブ／図書館,自治体システム／セキュリティ／地域情報プラットフォーム,https://www.applic.or.jp/prom/chiiki_adviser/R3_profile/176_2021adviser.pdf,https://www.applic.or.jp/page-1862/
177,水町 雅子,みずまち まさこ,地域情報化アドバイザー,宮内・水町IT法律事務所 弁護士,元内閣官房社会保障改革担当室・特定個人情報保護委員会 参事官補佐・上席政策調査員,https://code4sabae.github.io/ictadvisors/img/2021/AD177.jpg,マイナンバー,個人情報保護,医療・介護・健康,https://www.applic.or.jp/prom/chiiki_adviser/R3_profile/177_2021adviser.pdf,https://www.applic.or.jp/page-1862/
178,三谷 泰浩,みたに やすひろ,地域情報化アドバイザー,九州大学大学院 工学研究院 附属アジア防災研究センター 教授,NPO法人環境システムフロンティア 理事長,https://code4sabae.github.io/ictadvisors/img/2021/AD178.jpg,防災,地域情報化計画・官民データ計画,人材の育成・活用,https://www.applic.or.jp/prom/chiiki_adviser/R3_profile/178_2021adviser.pdf,https://www.applic.or.jp/page-1862/
179,三友 仁志,みとも ひとし,地域情報化アドバイザー,早稲田大学大学院アジア太平洋研究科長・教授,,https://code4sabae.github.io/ictadvisors/img/2021/AD179.jpg,地域情報化計画・官民データ計画,ネットワークインフラ（Ｗｉ-Ｆｉ／ＬＰＷＡ／光ネットワーク）,防災,https://www.applic.or.jp/prom/chiiki_adviser/R3_profile/179_2021adviser.pdf,https://www.applic.or.jp/page-1862/
180,蓑口 恵美,みのぐち めぐみ,地域情報化アドバイザー,内閣官房IT総合戦略室シェアリングエコノミー伝道師,株式会社ガイアックス シェアリングエコノミー協会,https://code4sabae.github.io/ictadvisors/img/2021/AD180.jpg,働き方,シェアリングエコノミー,子育て,https://www.applic.or.jp/prom/chiiki_adviser/R3_profile/180_2021adviser.pdf,https://www.applic.or.jp/page-1862/
181,宮﨑 昌美,みやざき まさみ,地域情報化アドバイザー,入間市 政策参与（自治体DX担当）,株式会社アイネス 公共ソリューション本部 シニアコンサルタント,https://code4sabae.github.io/ictadvisors/img/2021/AD181.jpg,その他,防災,人材の育成・活用,https://www.applic.or.jp/prom/chiiki_adviser/R3_profile/181_2021adviser.pdf,https://www.applic.or.jp/page-1862/
182,三輪 修平,みわ しゅうへい,地域情報化アドバイザー,つくば市総務部ワークライフバランス推進課 係長,,https://code4sabae.github.io/ictadvisors/img/2021/AD182.jpg,ＲＰＡ導入,テレワーク,,https://www.applic.or.jp/prom/chiiki_adviser/R3_profile/182_2021adviser.pdf,https://www.applic.or.jp/page-1862/
183,村上 文洋,むらかみ ふみひろ,地域情報化アドバイザー,株式会社三菱総合研究所 デジタル・イノベーション本部 主席研究員,内閣官房IT総合戦略室 オープンデータ伝道師,https://code4sabae.github.io/ictadvisors/img/2021/AD183.jpg,オープンデータ,ＡＩ活用,ＥＢＰＭ（エビデンスに基づく政策立案）,https://www.applic.or.jp/prom/chiiki_adviser/R3_profile/183_2021adviser.pdf,https://www.applic.or.jp/page-1862/
184,毛利 靖,もうり やすし,地域情報化アドバイザー,つくば市立みどりの学園義務教育学校 校長,全国ＩＣＴ教育首長協議会 顧問,https://code4sabae.github.io/ictadvisors/img/2021/AD184.jpg,教育情報化／情報教育,ネットワークインフラ（Ｗｉ-Ｆｉ／ＬＰＷＡ／光ネットワーク）,,https://www.applic.or.jp/prom/chiiki_adviser/R3_profile/184_2021adviser.pdf,https://www.applic.or.jp/page-1862/
185,望月 昌樹,もちづき まさき,地域情報化アドバイザー,元福岡県庁 情報企画監,日本オラクル 顧問,https://code4sabae.github.io/ictadvisors/img/2021/AD185.jpg,自治体システム／セキュリティ／地域情報プラットフォーム,自治体システムの標準化・共通化,スマートシティ,https://www.applic.or.jp/prom/chiiki_adviser/R3_profile/185_2021adviser.pdf,https://www.applic.or.jp/page-1862/
186,本山 政志,もとやま まさし,地域情報化アドバイザー,元埼玉県川口市企画財政部 次長兼情報政策課長,埼玉県町村会 情報システム共同化推進室室長,https://code4sabae.github.io/ictadvisors/img/2021/AD186.jpg,人材の育成・活用,人材の育成・活用,,https://www.applic.or.jp/prom/chiiki_adviser/R3_profile/186_2021adviser.pdf,https://www.applic.or.jp/page-1862/
187,森川 博之,もりかわ ひろゆき,地域情報化アドバイザー,東京大学 教授,,https://code4sabae.github.io/ictadvisors/img/2021/AD187.jpg,５Ｇ,地域ビジネス,ＡＩ活用,https://www.applic.or.jp/prom/chiiki_adviser/R3_profile/187_2021adviser.pdf,https://www.applic.or.jp/page-1862/
188,森戸 裕一,もりと ゆういち,地域情報化アドバイザー,一般社団法人日本デジタルトランスフォーメーション推進協会 代表理事,ナレッジネットワーク株式会社 代表取締役社長,https://code4sabae.github.io/ictadvisors/img/2021/AD188.jpg,シェアリングエコノミー,ＲＰＡ導入,テレワーク,https://www.applic.or.jp/prom/chiiki_adviser/R3_profile/188_2021adviser.pdf,https://www.applic.or.jp/page-1862/
189,森本 登志男,もりもと としお,地域情報化アドバイザー,キャリアシフト株式会社 代表取締役,元佐賀県庁 最高情報統括監（CIO）,https://code4sabae.github.io/ictadvisors/img/2021/AD189.jpg,テレワーク,地域ビジネス,働き方,https://www.applic.or.jp/prom/chiiki_adviser/R3_profile/189_2021adviser.pdf,https://www.applic.or.jp/page-1862/
190,森本 浩之,もりもと ひろし,地域情報化アドバイザー,前松阪市CIO補佐官、元鳥取県情報政策課長,ITbook株式会社西日本支社 エグゼクティブシニアマネージャ－,https://code4sabae.github.io/ictadvisors/img/2021/AD190.jpg,自治体システムの標準化・共通化,自治体システム／セキュリティ／地域情報プラットフォーム,教育情報化／情報教育,https://www.applic.or.jp/prom/chiiki_adviser/R3_profile/190_2021adviser.pdf,https://www.applic.or.jp/page-1862/
191,森 康通,もり やすみち,地域情報化アドバイザー,生駒市地域活力創生部ICTイノベーション推進課長,CODE for IKOMA 運営委員,https://code4sabae.github.io/ictadvisors/img/2021/AD191.jpg,オープンデータ,ＥＢＰＭ（エビデンスに基づく政策立案）,,https://www.applic.or.jp/prom/chiiki_adviser/R3_profile/191_2021adviser.pdf,https://www.applic.or.jp/page-1862/
192,安江 輝,やすえ あきら,地域情報化アドバイザー,長野県伊那市役所/企画部企画政策課 新産業技術推進係長,,https://code4sabae.github.io/ictadvisors/img/2021/AD192.jpg,スマートシティ,医療・介護・健康,ネットワークインフラ（Ｗｉ-Ｆｉ／ＬＰＷＡ／光ネットワーク）,https://www.applic.or.jp/prom/chiiki_adviser/R3_profile/192_2021adviser.pdf,https://www.applic.or.jp/page-1862/
193,柳田 公市,やなぎだ こういち,地域情報化アドバイザー,特定非営利活動法人ナレッジネットワーク 理事長,総務省地域人材ネット 地域力創造アドバイザー,https://code4sabae.github.io/ictadvisors/img/2021/AD193.jpg,地域ビジネス,観光,農林水産業,https://www.applic.or.jp/prom/chiiki_adviser/R3_profile/193_2021adviser.pdf,https://www.applic.or.jp/page-1862/
194,山形 巧哉,やまがた たくや,地域情報化アドバイザー,北海道森町 総務課,内閣官房IT総合戦略室 オープンデータ伝道師,https://code4sabae.github.io/ictadvisors/img/2021/AD194.jpg,オープンデータ,教育情報化／情報教育,働き方,https://www.applic.or.jp/prom/chiiki_adviser/R3_profile/194_2021adviser.pdf,https://www.applic.or.jp/page-1862/
195,山崎 博樹,やまざき ひろき,地域情報化アドバイザー,秋田県立図書館 元副館長,知的資源イニシアティブ 代表理事,https://code4sabae.github.io/ictadvisors/img/2021/AD195.jpg,デジタルアーカイブ／図書館,人材の育成・活用,自治体システムの標準化・共通化,https://www.applic.or.jp/prom/chiiki_adviser/R3_profile/195_2021adviser.pdf,https://www.applic.or.jp/page-1862/
196,山澤 浩幸,やまざわ ひろゆき,地域情報化アドバイザー,三条市 元 情報管理課長,新潟ＤＸオフィス 代表,https://code4sabae.github.io/ictadvisors/img/2021/AD196.jpg,自治体システムの標準化・共通化,自治体システム／セキュリティ／地域情報プラットフォーム,マイキープラットフォーム,https://www.applic.or.jp/prom/chiiki_adviser/R3_profile/196_2021adviser.pdf,https://www.applic.or.jp/page-1862/
197,山中 守,やまなか まもる,地域情報化アドバイザー,国立大学法人 熊本大学 名誉教授,認定NPO法人 阿蘇花野協会 （地域経済再生システムに取組み中） 副理事長,https://code4sabae.github.io/ictadvisors/img/2021/AD197.jpg,地域情報化計画・官民データ計画,地域ビジネス,テレワーク,https://www.applic.or.jp/prom/chiiki_adviser/R3_profile/197_2021adviser.pdf,https://www.applic.or.jp/page-1862/
198,山西 潤一,やまにし じゅんいち,地域情報化アドバイザー,富山大学 名誉教授,一般社団法人 日本教育情報化振興会 会長,https://code4sabae.github.io/ictadvisors/img/2021/AD198.jpg,教育情報化／情報教育,人材の育成・活用,働き方,https://www.applic.or.jp/prom/chiiki_adviser/R3_profile/198_2021adviser.pdf,https://www.applic.or.jp/page-1862/
199,横山 正人,よこやま まさと,地域情報化アドバイザー,株式会社九州地域情報化研究所 代表取締役,長崎県企画部 情報戦略アドバイザー,https://code4sabae.github.io/ictadvisors/img/2021/AD199.jpg,地域情報化計画・官民データ計画,オープンデータ,人材の育成・活用,https://www.applic.or.jp/prom/chiiki_adviser/R3_profile/199_2021adviser.pdf,https://www.applic.or.jp/page-1862/
200,吉崎 正弘,よしざき まさひろ,地域情報化アドバイザー,一般社団法人日本ケーブルテレビ連盟 名誉顧問,,https://code4sabae.github.io/ictadvisors/img/2021/AD200.jpg,地域ビジネス,人材の育成・活用,ネットワークインフラ（Ｗｉ-Ｆｉ／ＬＰＷＡ／光ネットワーク）,https://www.applic.or.jp/prom/chiiki_adviser/R3_profile/200_2021adviser.pdf,https://www.applic.or.jp/page-1862/
201,吉田 健太郎,よしだ けんたろう,地域情報化アドバイザー,株式会社電通 ソリューション開発センター フォアキャスト研究部 情報通信業界コンサルタント,IoTNEWS 生活環境創造室長,https://code4sabae.github.io/ictadvisors/img/2021/AD201.jpg,５Ｇ,ネットワークインフラ（Ｗｉ-Ｆｉ／ＬＰＷＡ／光ネットワーク）,その他,https://www.applic.or.jp/prom/chiiki_adviser/R3_profile/201_2021adviser.pdf,https://www.applic.or.jp/page-1862/
202,吉田 孝志,よしだ たかし,地域情報化アドバイザー,日本無線株式会社 ソリューション事業部 民需事業統括部 部長補佐,元 国立仙台高等専門学校 非常勤講師,https://code4sabae.github.io/ictadvisors/img/2021/AD202.jpg,防災,ネットワークインフラ（Ｗｉ-Ｆｉ／ＬＰＷＡ／光ネットワーク）,観光,https://www.applic.or.jp/prom/chiiki_adviser/R3_profile/202_2021adviser.pdf,https://www.applic.or.jp/page-1862/
203,吉田 博一,よしだ ひろかず,地域情報化アドバイザー,元 大阪府 総務部IT推進課 課長補佐,公立大学法人大阪 情報推進課 課長代理,https://code4sabae.github.io/ictadvisors/img/2021/AD203.jpg,自治体システム／セキュリティ／地域情報プラットフォーム,地域情報化計画・官民データ計画,,https://www.applic.or.jp/prom/chiiki_adviser/R3_profile/203_2021adviser.pdf,https://www.applic.or.jp/page-1862/
204,吉田 稔,よしだ みのる,地域情報化アドバイザー,J-LIS(地方公共団体情報システム機構)被災者支援システム全国サポートセンター長,西宮市都市整備公社 副理事長兼情報センター長,https://code4sabae.github.io/ictadvisors/img/2021/AD204.jpg,防災,自治体システム／セキュリティ／地域情報プラットフォーム,人材の育成・活用,https://www.applic.or.jp/prom/chiiki_adviser/R3_profile/204_2021adviser.pdf,https://www.applic.or.jp/page-1862/
205,吉本 明平,よしもと あきひら,地域情報化アドバイザー,関東学院大学 非常勤講師,一般財団法人情報法制研究所 上席研究員,https://code4sabae.github.io/ictadvisors/img/2021/AD205.jpg,地域情報化計画・官民データ計画,人材の育成・活用,自治体システム／セキュリティ／地域情報プラットフォーム,https://www.applic.or.jp/prom/chiiki_adviser/R3_profile/205_2021adviser.pdf,https://www.applic.or.jp/page-1862/
206,米田 宗義,よねだむねよし,地域情報化アドバイザー,一般社団法人ＩＴＣ－Ｌａｂｏ． 代表理事,なら情報セキュリティ総合研究所（ナリス） 特別会員,https://code4sabae.github.io/ictadvisors/img/2021/AD206.jpg,自治体システムの標準化・共通化,地域情報化計画・官民データ計画,自治体システム／セキュリティ／地域情報プラットフォーム,https://www.applic.or.jp/prom/chiiki_adviser/R3_profile/206_2021adviser.pdf,https://www.applic.or.jp/page-1862/
207,和崎 宏,わさき ひろし,地域情報化アドバイザー,インフォミーム株式会社 代表取締役,関西学院大学総合政策学部 非常勤講師,https://code4sabae.github.io/ictadvisors/img/2021/AD207.jpg,地域ビジネス,教育情報化／情報教育,人材の育成・活用,https://www.applic.or.jp/prom/chiiki_adviser/R3_profile/207_2021adviser.pdf,https://www.applic.or.jp/page-1862/
208,鷲見 英利,わしみ ひでとし,地域情報化アドバイザー,株式会社官民連携事業研究所 代表取締役,四條畷市 特別参与,https://code4sabae.github.io/ictadvisors/img/2021/AD208.jpg,地域ビジネス,子育て,ＥＢＰＭ（エビデンスに基づく政策立案）,https://www.applic.or.jp/prom/chiiki_adviser/R3_profile/208_2021adviser.pdf,https://www.applic.or.jp/page-1862/
209,渡辺 健次,わたなべ けんじ,地域情報化アドバイザー,広島大学大学院人間社会科学研究科 教授,,https://code4sabae.github.io/ictadvisors/img/2021/AD209.jpg,教育情報化／情報教育,,,https://www.applic.or.jp/prom/chiiki_adviser/R3_profile/209_2021adviser.pdf,https://www.applic.or.jp/page-1862/
210,渡辺 智暁,わたなべ ともあき,地域情報化アドバイザー,内閣官房IT総合戦略室 オープンデータ伝道師,NPO法人コモンスフィア 理事長,https://code4sabae.github.io/ictadvisors/img/2021/AD210.jpg,オープンデータ,デジタルアーカイブ／図書館,地域情報化計画・官民データ計画,https://www.applic.or.jp/prom/chiiki_adviser/R3_profile/210_2021adviser.pdf,https://www.applic.or.jp/page-1862/
211,渡邊 智之,わたなべ ともゆき,地域情報化アドバイザー,一般社団法人日本農業情報システム協会 代表理事,スマートアグリコンサルタンツ合同会社 代表／ＣＥＯ,https://code4sabae.github.io/ictadvisors/img/2021/AD211.jpg,農林水産業,人材の育成・活用,地域情報化計画・官民データ計画,https://www.applic.or.jp/prom/chiiki_adviser/R3_profile/211_2021adviser.pdf,https://www.applic.or.jp/page-1862/
212,和田 雅昭,わだ まさあき,地域情報化アドバイザー,公立はこだて未来大学 マリンIT・ラボ 所長,,https://code4sabae.github.io/ictadvisors/img/2021/AD212.jpg,農林水産業,,,https://www.applic.or.jp/prom/chiiki_adviser/R3_profile/212_2021adviser.pdf,https://www.applic.or.jp/page-1862/